Make,Model,Price,Miles,AgeYearsOld,Space,Color,State
Chevrolet,Impala,20995,24826,4,More Room,Silver,MN
Chevrolet,Malibu,9992,111206,7,Less Room,Tan,WI
Chevrolet,Impala,3995,180000,12,More Room,Black,MN
Chevrolet,Impala,25992,11520,1,More Room,,MN
Chevrolet,Malibu,8988,87000,7,Less Room,Silver,WI
Honda,Civic,5290,185105,11,Less Room,Gray,IA
Chevrolet,Impala,18500,62766,5,More Room,Gray,IA
Chevrolet,Impala,11395,45304,5,More Room,Gray,IA
Toyota,Camry,12995,69639,4,More Room,Black,IA
Chevrolet,Impala,1800,175222,15,More Room,Gold,MN
Chevrolet,Malibu,4000,183430,11,Less Room,Silver,IA
Honda,Accord,3990,137786,19,More Room,Red,IA
Toyota,Camry,18999,37625,4,More Room,Blue,MN
Honda,Civic,13250,50075,4,Less Room,Black,WI
Honda,Accord,14699,41663,5,More Room,Gray,MN
Chevrolet,Impala,3800,212726,9,More Room,Blue,MN
Chevrolet,Malibu,13900,35000,4,Less Room,Silver,IA
Honda,Civic,5995,132000,11,Less Room,Black,MN
Chevrolet,Impala,6299,90115,12,More Room,Blue,WI
Chevrolet,Malibu,1695,219836,16,Less Room,Gray,WI
Chevrolet,Impala,1895,180403,16,More Room,White,MN
Honda,Accord,14795,27070,5,More Room,Tan,MN
Chevrolet,Impala,20988,17300,1,More Room,Blue,WI
Honda,Civic,2400,165721,17,Less Room,White,MN
Chevrolet,Malibu,8888,100321,7,Less Room,White,MN
Chevrolet,Malibu,15995,40354,3,Less Room,Silver,MN
Toyota,Camry,2390,290943,18,More Room,Black,MN
Chevrolet,Malibu,15945,26073,4,Less Room,Bronze,WI
Honda,Civic,16990,15120,3,Less Room,Black,MN
Chevrolet,Malibu,15495,24360,4,Less Room,Red,MN
Toyota,Camry,17599,11652,4,More Room,Silver,MN
Chevrolet,Malibu,12999,75424,4,Less Room,,IA
Toyota,Camry,18921,27335,4,More Room,White,WI
Chevrolet,Malibu,4995,127278,13,Less Room,White,MN
Chevrolet,Impala,15995,66449,5,More Room,Tan,IA
Chevrolet,Malibu,6175,127885,11,Less Room,,IA
Chevrolet,Impala,16637,43868,5,More Room,Red,MN
Chevrolet,Impala,5995,98193,11,More Room,Gray,IA
Toyota,Camry,6900,121891,10,More Room,Blue,MN
Chevrolet,Impala,11000,65739,5,More Room,Black,IA
Chevrolet,Malibu,15995,23969,3,Less Room,Silver,MN
Chevrolet,Malibu,7750,89627,9,Less Room,Gray,MN
Chevrolet,Impala,5995,179474,8,More Room,Black,IA
Chevrolet,Impala,16949,47911,5,More Room,Blue,MN
Toyota,Corolla,15599,30085,4,Less Room,Black,MN
Chevrolet,Impala,18990,39399,4,More Room,Pearl,IA
Honda,Accord,19699,33071,4,More Room,Green,MN
Chevrolet,Malibu,6894,152172,8,Less Room,Blue,MN
Honda,Civic,1995,170087,16,Less Room,Silver,MN
Honda,Civic,8799,93177,9,Less Room,,MN
Toyota,Camry,7995,96179,8,More Room,Blue,IA
Chevrolet,Impala,12995,46670,6,More Room,Maroon,MN
Chevrolet,Malibu,16998,22891,4,Less Room,Brown,IA
Chevrolet,Impala,8500,102467,6,More Room,Black,IA
Chevrolet,Impala,6490,136693,7,More Room,,MN
Chevrolet,Malibu,13479,57602,3,Less Room,Red,IA
Toyota,Corolla,5688,161118,10,Less Room,Gold,MN
Chevrolet,Malibu,4995,134963,12,Less Room,Blue,MN
Honda,Accord,18486,20319,4,More Room,Silver,MN
Chevrolet,Impala,3500,182440,12,More Room,Black,MN
Toyota,Corolla,3990,221642,10,Less Room,Black,MN
Chevrolet,Impala,16995,44488,5,More Room,Red,MN
Honda,Accord,22495,12333,2,More Room,Red,MN
Toyota,Camry,7877,120178,10,More Room,Black,MN
Chevrolet,Impala,8995,71293,9,More Room,Silver,IA
Toyota,Camry,15999,40001,2,More Room,Silver,MN
Honda,Accord,22599,19950,3,More Room,Black,MN
Toyota,Camry,15699,38064,4,More Room,White,MN
Honda,Civic,6995,113012,11,Less Room,Black,IA
Chevrolet,Impala,15988,39697,3,More Room,Silver,IA
Toyota,Camry,3995,176000,14,More Room,Gray,MN
Chevrolet,Impala,3495,190579,11,More Room,Red,MN
Honda,Accord,14688,73756,6,More Room,Silver,MN
Toyota,Corolla,14500,42550,4,Less Room,Black,MN
Toyota,Corolla,14997,40302,2,Less Room,White,WI
Chevrolet,Impala,7995,109000,6,More Room,Red,IA
Chevrolet,Impala,22990,23653,2,More Room,Red,MN
Toyota,Camry,23498,16204,1,More Room,Black,WI
Toyota,Corolla,13000,47300,3,Less Room,,MN
Chevrolet,Malibu,10995,57295,6,Less Room,Silver,IA
Toyota,Camry,7788,105987,12,More Room,Red,MN
Chevrolet,Impala,18400,34000,2,More Room,Silver,MN
Chevrolet,Impala,23895,16338,1,More Room,White,MN
Chevrolet,Impala,24795,29422,2,More Room,Black,MN
Chevrolet,Impala,9950,68808,5,More Room,Gray,MN
Chevrolet,Malibu,9603,79154,7,Less Room,White,IA
Chevrolet,Malibu,17975,14132,3,Less Room,Maroon,MN
Toyota,Corolla,15299,36633,3,Less Room,Silver,MN
Chevrolet,Malibu,15500,67334,4,Less Room,Beige,MN
Chevrolet,Malibu,15350,33689,3,Less Room,Gray,MN
Chevrolet,Impala,11992,69030,7,More Room,Black,WI
Chevrolet,Impala,13950,48636,5,More Room,Gray,MN
Toyota,Camry,24000,6956,2,More Room,Black,MN
Chevrolet,Malibu,15985,14002,3,Less Room,Silver,IA
Chevrolet,Impala,19997,63275,4,More Room,Black,MN
Chevrolet,Impala,8990,72503,8,More Room,Gray,MN
Chevrolet,Impala,6000,155363,10,More Room,Red,MN
Chevrolet,Malibu,16490,50064,4,Less Room,Gold,MN
Chevrolet,Impala,9995,96035,7,More Room,White,IA
Chevrolet,Malibu,12995,59490,4,Less Room,Burgundy,IA
Toyota,Corolla,13990,36017,4,Less Room,Black,MN
Chevrolet,Malibu,9999,87404,6,Less Room,Tan,WI
Chevrolet,Impala,4277,174376,10,More Room,Tan,MN
Honda,Accord,12490,87772,6,More Room,Gray,MN
Honda,Accord,3550,164986,19,More Room,Pearl,MN
Chevrolet,Impala,6995,157465,5,More Room,Maroon,IA
Toyota,Camry,14995,48265,4,More Room,Gray,MN
Chevrolet,Impala,3995,143000,17,More Room,Gold,MN
Chevrolet,Malibu,22999,26012,3,Less Room,Red,WI
Honda,Civic,2990,166175,21,Less Room,Green,MN
Chevrolet,Impala,21495,33136,3,More Room,Silver,MN
Honda,Civic,5495,114602,12,Less Room,Red,MN
Honda,Civic,11199,62222,7,Less Room,,MN
Chevrolet,Impala,10900,73000,6,More Room,Black,MN
Chevrolet,Impala,9995,99130,6,More Room,Silver,MN
Toyota,Camry,1500,318000,14,More Room,,MN
Chevrolet,Impala,21500,22348,1,More Room,Black,MN
Chevrolet,Malibu,3995,119842,12,Less Room,Gray,MN
Chevrolet,Malibu,2995,160751,14,Less Room,Gray,MN
Honda,Accord,7500,204367,11,More Room,,MN
Honda,Accord,8995,147490,10,More Room,Black,WI
Chevrolet,Impala,16750,61081,4,More Room,Silver,MN
Chevrolet,Malibu,8495,58441,8,Less Room,Blue,MN
Chevrolet,Malibu,1988,178500,14,Less Room,Silver,MN
Chevrolet,Malibu,13331,41755,5,Less Room,White,WI
Chevrolet,Impala,4999,176790,7,More Room,White,IA
Honda,Accord,17299,45796,4,More Room,Red,MN
Chevrolet,Malibu,15900,63000,3,Less Room,Maroon,MN
Toyota,Camry,15500,35050,4,More Room,Silver,MN
Chevrolet,Malibu,13999,30878,4,Less Room,Silver,WI
Chevrolet,Impala,22839,13395,1,More Room,Black,MN
Chevrolet,Malibu,14575,37245,4,Less Room,Black,MN
Chevrolet,Malibu,11495,51809,7,Less Room,Brown,IA
Honda,Civic,6495,99393,11,Less Room,Gray,MN
Honda,Civic,14999,30205,4,Less Room,Gray,MN
Chevrolet,Impala,29995,6774,1,More Room,Gray,IA
Toyota,Corolla,15000,7059,2,Less Room,Gray,MN
Chevrolet,Malibu,5000,143506,12,Less Room,Gold,IA
Honda,Accord,9950,76900,7,More Room,Black,MN
Chevrolet,Malibu,14941,31701,4,Less Room,Silver,MN
Chevrolet,Impala,16900,60000,3,More Room,White,MN
Chevrolet,Malibu,7990,99337,9,Less Room,Gray,MN
Chevrolet,Malibu,1900,196012,19,Less Room,Silver,MN
Toyota,Camry,18695,27434,4,More Room,Black,MN
Chevrolet,Malibu,15995,40000,3,Less Room,Black,IA
Chevrolet,Impala,2750,131000,6,More Room,White,IA
Chevrolet,Impala,7500,85575,8,More Room,Black,WI
Chevrolet,Malibu,1300,260039,14,Less Room,Silver,MN
Chevrolet,Impala,795,182857,16,More Room,,MN
Chevrolet,Malibu,9800,65000,6,Less Room,Silver,IA
Chevrolet,Malibu,4990,79780,19,Less Room,,WI
Chevrolet,Impala,1999,167956,14,More Room,Gray,MN
Toyota,Camry,6390,127142,13,More Room,Black,MN
Chevrolet,Impala,1999,178000,12,More Room,Beige,MN
Chevrolet,Impala,11999,50815,5,More Room,Gray,IA
Chevrolet,Impala,23995,15665,1,More Room,White,IA
Chevrolet,Impala,13900,42000,3,More Room,Silver,MN
Chevrolet,Malibu,3695,128000,13,Less Room,Silver,MN
Honda,Accord,5649,165511,10,More Room,Bronze,MN
Chevrolet,Impala,11595,36254,7,More Room,Tan,MN
Chevrolet,Malibu,12808,13206,7,Less Room,Silver,MN
Chevrolet,Malibu,15495,30420,4,Less Room,Burgundy,IA
Chevrolet,Malibu,17000,22000,3,Less Room,White,IA
Chevrolet,Malibu,15995,31061,3,Less Room,Pearl,MN
Chevrolet,Impala,3495,154000,15,More Room,Silver,MN
Chevrolet,Impala,7495,108470,7,More Room,Gold,IA
Chevrolet,Malibu,11995,74604,4,Less Room,Silver,IA
Honda,Accord,6590,118229,13,More Room,Beige,MN
Toyota,Corolla,16999,17997,1,Less Room,White,MN
Chevrolet,Impala,12900,47000,3,More Room,Silver,MN
Toyota,Corolla,10495,67813,7,Less Room,Gray,MN
Toyota,Camry,12995,79792,7,More Room,Gray,MN
Toyota,Camry,8550,79500,8,More Room,Black,MN
Chevrolet,Impala,7995,117321,6,More Room,White,IA
Chevrolet,Malibu,13888,42351,6,Less Room,Silver,MN
Chevrolet,Malibu,3995,133236,18,Less Room,,IA
Chevrolet,Malibu,12988,68475,5,Less Room,Silver,WI
Honda,Civic,3200,138766,17,Less Room,Tan,MN
Chevrolet,Malibu,3599,149756,11,Less Room,Silver,WI
Toyota,Camry,8995,136373,7,More Room,Gray,IA
Chevrolet,Malibu,7995,107186,9,Less Room,Black,MN
Chevrolet,Impala,7995,93000,6,More Room,Black,MN
Chevrolet,Malibu,12500,70079,5,Less Room,Silver,IA
Honda,Accord,5995,143657,12,More Room,Gray,MN
Chevrolet,Impala,22475,13967,1,More Room,Silver,MN
Chevrolet,Impala,8995,119896,11,More Room,Maroon,IA
Honda,Accord,24399,20453,2,More Room,Silver,MN
Toyota,Corolla,8988,47000,6,Less Room,Gold,MN
Chevrolet,Malibu,1495,162451,14,Less Room,Blue,MN
Chevrolet,Malibu,4795,117000,10,Less Room,Silver,MN
Chevrolet,Impala,7995,111000,8,More Room,White,MN
Honda,Accord,12379,65001,8,More Room,Red,MN
Honda,Accord,8399,115978,9,More Room,,MN
Chevrolet,Malibu,19500,2510,2,Less Room,Red,IA
Chevrolet,Impala,9400,65848,6,More Room,Black,MN
Toyota,Camry,6977,112305,14,More Room,Red,MN
Toyota,Camry,15499,33181,5,More Room,Black,IA
Chevrolet,Malibu,15645,15000,2,Less Room,White,MN
Toyota,Corolla,7689,78633,11,Less Room,Silver,IA
Chevrolet,Impala,2950,201289,18,More Room,Red,WI
Honda,Accord,12988,132952,5,More Room,Bronze,WI
Toyota,Camry,17490,13628,2,More Room,Black,MN
Chevrolet,Impala,8700,76857,6,More Room,Red,IA
Toyota,Corolla,13999,45523,4,Less Room,,IA
Toyota,Corolla,14463,35952,4,Less Room,Red,IA
Toyota,Camry,15999,25572,4,More Room,Gray,IA
Toyota,Camry,3495,216391,15,More Room,Silver,MN
Chevrolet,Impala,11450,59000,7,More Room,Champagne,MN
Toyota,Corolla,14000,26143,4,Less Room,Red,MN
Chevrolet,Impala,8500,76823,9,More Room,Silver,IA
Honda,Accord,6995,158439,14,More Room,Maroon,IA
Honda,Accord,19899,24192,3,More Room,Red,MN
Honda,Civic,9000,91822,9,Less Room,Blue,MN
Chevrolet,Impala,6895,103690,12,More Room,Silver,MN
Chevrolet,Malibu,2490,174501,17,Less Room,Silver,MN
Chevrolet,Malibu,6490,175907,7,Less Room,Silver,IA
Chevrolet,Impala,12495,102000,5,More Room,Red,IA
Chevrolet,Malibu,17999,29577,3,Less Room,Gray,IA
Toyota,Corolla,2999,188663,14,Less Room,Brown,WI
Honda,Accord,17900,38119,4,More Room,Red,MN
Chevrolet,Impala,5900,146070,7,More Room,White,IA
Chevrolet,Impala,2999,165744,12,More Room,Gray,MN
Toyota,Corolla,15395,25120,4,Less Room,Black,MN
Chevrolet,Impala,5662,161523,11,More Room,Silver,IA
Chevrolet,Malibu,15500,27502,4,Less Room,,IA
Chevrolet,Impala,4795,142146,12,More Room,White,IA
Chevrolet,Malibu,8495,72520,10,Less Room,Black,MN
Chevrolet,Malibu,3750,134088,12,Less Room,Gray,WI
Chevrolet,Malibu,17550,44540,3,Less Room,Blue,MN
Toyota,Camry,5180,198339,12,More Room,Gray,WI
Chevrolet,Malibu,6495,104413,13,Less Room,Black,MN
Toyota,Camry,19990,3000,2,More Room,Blue,MN
Honda,Civic,3995,206851,16,Less Room,Black,MN
Toyota,Corolla,13699,29955,4,Less Room,Silver,MN
Chevrolet,Impala,4995,128612,10,More Room,Maroon,IA
Honda,Accord,4995,232942,12,More Room,Burgundy,MN
Chevrolet,Impala,6291,115171,10,More Room,,MN
Chevrolet,Malibu,12274,26945,7,Less Room,Silver,MN
Toyota,Camry,16441,27900,4,More Room,White,WI
Chevrolet,Impala,14500,45500,3,More Room,Silver,IA
Toyota,Corolla,9541,122946,5,Less Room,Bronze,IA
Honda,Accord,3495,165000,13,More Room,Silver,MN
Chevrolet,Malibu,9995,52000,8,Less Room,White,MN
Chevrolet,Impala,3500,185913,13,More Room,Burgundy,IA
Chevrolet,Impala,4499,182647,8,More Room,Gray,WI
Chevrolet,Malibu,6995,143187,12,Less Room,Blue,MN
Toyota,Corolla,15498,31145,2,Less Room,White,IA
Chevrolet,Malibu,13995,44478,4,Less Room,Silver,IA
Honda,Accord,9499,97519,8,More Room,Maroon,WI
Chevrolet,Malibu,8999,83581,7,Less Room,Red,MN
Honda,Civic,20299,13378,3,Less Room,Blue,MN
Chevrolet,Malibu,12490,72515,5,Less Room,Red,IA
Honda,Accord,8699,109092,9,More Room,,MN
Honda,Accord,17888,35892,4,More Room,Black,MN
Chevrolet,Impala,14995,50000,3,More Room,White,MN
Honda,Civic,10475,107003,7,Less Room,Silver,MN
Chevrolet,Malibu,22995,5935,3,Less Room,Blue,MN
Chevrolet,Impala,1999,213265,13,More Room,White,MN
Chevrolet,Malibu,8799,74627,7,Less Room,Silver,WI
Chevrolet,Impala,5200,122000,11,More Room,Maroon,MN
Chevrolet,Malibu,13495,53117,5,Less Room,Blue,MN
Chevrolet,Impala,23995,15500,1,More Room,Black,IA
Chevrolet,Malibu,4995,126387,10,Less Room,White,IA
Honda,Accord,21699,30814,4,More Room,Silver,MN
Toyota,Corolla,9650,121149,5,Less Room,Green,MN
Honda,Accord,3795,131266,19,More Room,Green,MN
Chevrolet,Malibu,11000,93392,6,Less Room,Black,IA
Chevrolet,Malibu,23500,22559,3,Less Room,Bronze,IA
Toyota,Corolla,1499,278594,15,Less Room,Champagne,MN
Chevrolet,Impala,1500,229000,15,More Room,,MN
Chevrolet,Malibu,15995,22324,3,Less Room,Maroon,MN
Honda,Civic,2995,173093,14,Less Room,Black,IA
Honda,Accord,17990,48900,5,More Room,Bronze,IA
Honda,Civic,12990,38000,4,Less Room,Gray,MN
Chevrolet,Malibu,14700,46108,3,Less Room,White,MN
Toyota,Camry,17000,51714,4,More Room,White,MN
Honda,Civic,3999,142422,14,Less Room,Red,MN
Chevrolet,Impala,15490,53892,4,More Room,Blue,IA
Honda,Accord,19699,9256,2,More Room,Silver,MN
Chevrolet,Impala,6700,95837,11,More Room,White,IA
Honda,Accord,22999,11530,2,More Room,,MN
Toyota,Camry,15414,17164,5,More Room,Silver,WI
Chevrolet,Impala,23450,26884,2,More Room,Black,MN
Chevrolet,Impala,16495,46598,5,More Room,Blue,IA
Chevrolet,Impala,25962,7882,3,More Room,Maroon,MN
Chevrolet,Impala,22495,14929,1,More Room,White,MN
Honda,Accord,9895,166289,6,More Room,,IA
Honda,Civic,7995,97000,8,Less Room,Blue,MN
Chevrolet,Impala,4995,148000,11,More Room,Gray,IA
Chevrolet,Malibu,9458,68697,7,Less Room,Black,MN
Chevrolet,Malibu,6495,149385,7,Less Room,Black,MN
Chevrolet,Impala,17570,46858,3,More Room,Silver,MN
Chevrolet,Malibu,6995,108558,10,Less Room,Green,MN
Chevrolet,Impala,7495,109250,8,More Room,Silver,MN
Chevrolet,Impala,6990,140081,8,More Room,Gold,IA
Chevrolet,Impala,13995,44500,3,More Room,Black,MN
Chevrolet,Impala,8900,76000,10,More Room,Black,MN
Chevrolet,Impala,4145,188242,11,More Room,,MN
Chevrolet,Malibu,9603,79154,7,Less Room,White,IA
Chevrolet,Impala,4675,181102,9,More Room,Silver,IA
Honda,Accord,5650,182582,10,More Room,Silver,MN
Chevrolet,Impala,7995,124000,7,More Room,Black,MN
Chevrolet,Impala,22984,10539,1,More Room,White,MN
Chevrolet,Impala,17495,75000,5,More Room,Blue,IA
Chevrolet,Impala,12500,45000,5,More Room,White,IA
Chevrolet,Malibu,10995,116177,4,Less Room,Silver,MN
Chevrolet,Malibu,6490,118478,10,Less Room,Blue,MN
Chevrolet,Impala,5295,132000,11,More Room,Black,MN
Honda,Civic,6995,79021,10,Less Room,Black,WI
Chevrolet,Malibu,16500,45059,2,Less Room,Blue,WI
Toyota,Camry,16299,32971,4,More Room,Silver,MN
Toyota,Camry,16488,45062,2,More Room,Silver,MN
Chevrolet,Impala,7000,101001,12,More Room,Silver,IA
Honda,Accord,13995,58050,4,More Room,Gray,WI
Chevrolet,Impala,2750,112864,16,More Room,Red,IA
Chevrolet,Impala,19495,18822,2,More Room,Black,IA
Honda,Civic,7999,63129,7,Less Room,Bronze,MN
Toyota,Camry,18497,39648,4,More Room,Gray,IA
Honda,Civic,7219,128004,7,Less Room,Silver,MN
Honda,Civic,14638,22963,4,Less Room,,MN
Chevrolet,Impala,5500,134149,16,More Room,Tan,IA
Chevrolet,Malibu,12095,65793,6,Less Room,White,IA
Chevrolet,Malibu,16999,18500,2,Less Room,Silver,IA
Honda,Civic,5999,156000,10,Less Room,Black,MN
Chevrolet,Malibu,15900,37000,3,Less Room,Blue,MN
Chevrolet,Impala,8975,96583,12,More Room,Black,MN
Honda,Accord,18699,32236,4,More Room,Gray,MN
Chevrolet,Malibu,13988,58950,4,Less Room,,MN
Chevrolet,Malibu,1950,130000,19,Less Room,,MN
Honda,Accord,4492,190785,12,More Room,Silver,MN
Honda,Civic,2999,215000,16,Less Room,Blue,MN
Chevrolet,Impala,10875,79318,5,More Room,Gray,IA
Chevrolet,Malibu,19995,17611,2,Less Room,Silver,IA
Honda,Civic,2499,163000,16,Less Room,Black,MN
Toyota,Camry,16750,36890,2,More Room,Gray,MN
Chevrolet,Impala,4995,120742,13,More Room,White,IA
Chevrolet,Malibu,2995,189000,15,Less Room,Silver,MN
Chevrolet,Impala,3990,135412,16,More Room,Silver,IA
Chevrolet,Malibu,16399,34543,3,Less Room,Pearl,WI
Honda,Accord,5995,173642,15,More Room,Silver,MN
Chevrolet,Malibu,9990,81794,7,Less Room,Black,IA
Chevrolet,Impala,15479,29629,5,More Room,Silver,MN
Chevrolet,Impala,12999,70585,2,More Room,White,MN
Toyota,Corolla,15441,25339,4,Less Room,Black,WI
Toyota,Corolla,15000,34254,2,Less Room,Gray,WI
Chevrolet,Impala,900,213429,17,More Room,White,IA
Toyota,Corolla,15405,29108,4,Less Room,Silver,WI
Chevrolet,Impala,4900,165000,11,More Room,Gray,MN
Toyota,Camry,1500,199000,21,More Room,,MN
Honda,Accord,7999,70667,8,More Room,Bronze,MN
Chevrolet,Malibu,10400,85506,6,Less Room,White,MN
Honda,Civic,1999,181000,18,Less Room,Silver,MN
Chevrolet,Malibu,13990,33101,8,Less Room,Silver,MN
Chevrolet,Impala,3995,168000,12,More Room,White,MN
Chevrolet,Impala,7499,93504,8,More Room,Tan,IA
Toyota,Camry,12499,77943,7,More Room,White,MN
Chevrolet,Impala,23000,18381,1,More Room,Black,IA
Chevrolet,Impala,17999,38077,2,More Room,,IA
Chevrolet,Malibu,13995,55116,4,Less Room,Silver,MN
Chevrolet,Malibu,16696,21757,4,Less Room,Gold,MN
Honda,Accord,7295,147499,10,More Room,Gray,WI
Chevrolet,Malibu,4995,137000,12,Less Room,Gray,MN
Toyota,Camry,14995,48155,5,More Room,Silver,MN
Chevrolet,Malibu,5900,131916,7,Less Room,Gold,IA
Chevrolet,Impala,10995,66255,5,More Room,White,MN
Chevrolet,Impala,2995,200000,13,More Room,White,MN
Chevrolet,Impala,23995,17079,1,More Room,Black,IA
Chevrolet,Malibu,12999,85798,4,Less Room,Tan,IA
Honda,Civic,3287,181959,16,Less Room,Pearl,MN
Toyota,Corolla,1500,146446,18,Less Room,Gold,MN
Chevrolet,Impala,20878,38769,4,More Room,Red,IA
Toyota,Camry,9495,106000,9,More Room,Black,MN
Chevrolet,Malibu,3375,136540,16,Less Room,Silver,IA
Chevrolet,Malibu,13995,60063,4,Less Room,White,MN
Chevrolet,Impala,10995,75694,6,More Room,Gray,MN
Chevrolet,Malibu,9993,94982,6,Less Room,Gold,WI
Toyota,Camry,15999,30726,5,More Room,Gray,MN
Chevrolet,Impala,2995,243000,18,More Room,Black,MN
Chevrolet,Malibu,19238,31529,3,Less Room,Blue,IA
Honda,Accord,17399,9743,4,More Room,Beige,MN
Chevrolet,Impala,2966,193653,13,More Room,Silver,MN
Chevrolet,Malibu,10999,24238,4,Less Room,Silver,MN
Chevrolet,Malibu,23995,4465,3,Less Room,Red,MN
Chevrolet,Impala,13995,35687,4,More Room,Black,IA
Chevrolet,Impala,4490,128030,11,More Room,Red,MN
Chevrolet,Impala,7375,72426,10,More Room,Silver,IA
Chevrolet,Impala,18500,40621,4,More Room,Silver,IA
Chevrolet,Malibu,8995,76000,7,Less Room,White,IA
Chevrolet,Impala,9490,71750,9,More Room,Gold,MN
Toyota,Corolla,14995,25819,4,Less Room,,MN
Chevrolet,Impala,11499,47346,5,More Room,Gray,WI
Chevrolet,Impala,21990,53129,4,More Room,Gray,MN
Toyota,Corolla,7500,93994,10,Less Room,Gray,IA
Toyota,Camry,3700,181258,17,More Room,Champagne,MN
Honda,Accord,20969,11918,5,More Room,Black,IA
Chevrolet,Malibu,18990,13047,4,Less Room,Bronze,IA
Chevrolet,Impala,7475,81364,12,More Room,White,MN
Chevrolet,Malibu,6995,120782,8,Less Room,Silver,MN
Toyota,Camry,14899,76553,4,More Room,Black,MN
Honda,Accord,5495,142830,16,More Room,Tan,MN
Toyota,Camry,4900,166387,16,More Room,Gray,MN
Honda,Accord,2100,182000,18,More Room,Gold,MN
Chevrolet,Malibu,14998,41785,5,Less Room,White,IA
Chevrolet,Impala,7999,76865,7,More Room,Black,MN
Toyota,Camry,2200,153000,20,More Room,Blue,MN
Chevrolet,Impala,20541,63310,4,More Room,Black,MN
Chevrolet,Impala,15999,46402,2,More Room,Red,MN
Toyota,Corolla,8990,67000,9,Less Room,Tan,MN
Toyota,Corolla,15799,13570,2,Less Room,Blue,MN
Toyota,Corolla,13495,20937,4,Less Room,Silver,MN
Honda,Accord,4477,132283,18,More Room,Silver,MN
Honda,Civic,19998,14565,2,Less Room,Blue,MN
Toyota,Camry,9890,78871,12,More Room,Blue,IA
Toyota,Camry,6900,161090,10,More Room,Gray,MN
Toyota,Camry,19443,30809,4,More Room,Black,WI
Honda,Accord,8199,101618,10,More Room,Black,MN
Honda,Accord,4995,174945,13,More Room,Silver,MN
Toyota,Corolla,7490,128481,9,Less Room,Black,IA
Chevrolet,Impala,23695,19135,1,More Room,White,MN
Chevrolet,Malibu,10999,59184,4,Less Room,Silver,MN
Toyota,Corolla,8500,61770,8,Less Room,Gray,MN
Toyota,Corolla,6699,128472,13,Less Room,,MN
Chevrolet,Impala,5982,156437,12,More Room,Black,MN
Honda,Accord,15699,39431,5,More Room,,MN
Chevrolet,Malibu,3499,157000,14,Less Room,Gray,MN
Chevrolet,Impala,22845,13350,1,More Room,Gray,MN
Chevrolet,Malibu,3999,154735,11,Less Room,Blue,WI
Chevrolet,Malibu,14129,34349,4,Less Room,Silver,MN
Toyota,Camry,16999,18442,4,More Room,Gray,MN
Toyota,Corolla,10350,59000,6,Less Room,Silver,MN
Chevrolet,Impala,7999,88485,11,More Room,Black,IA
Chevrolet,Impala,6993,106428,6,More Room,White,WI
Chevrolet,Impala,1995,215645,19,More Room,Silver,MN
Honda,Accord,19799,11923,3,More Room,,MN
Chevrolet,Impala,10700,43225,6,More Room,Black,MN
Toyota,Camry,17515,26268,4,More Room,White,WI
Chevrolet,Impala,5995,96000,11,More Room,Silver,MN
Chevrolet,Malibu,4250,112000,14,Less Room,Blue,MN
Honda,Civic,2999,145000,15,Less Room,Gray,MN
Toyota,Corolla,14762,30064,4,Less Room,Blue,IA
Chevrolet,Impala,11999,79103,4,More Room,Silver,WI
Chevrolet,Impala,16500,41714,2,More Room,Red,MN
Chevrolet,Impala,11595,58822,7,More Room,Red,IA
Honda,Accord,20699,17485,4,More Room,Beige,MN
Chevrolet,Malibu,14399,37530,3,Less Room,White,WI
Honda,Accord,20399,13387,3,More Room,Black,MN
Chevrolet,Malibu,13990,40000,4,Less Room,Silver,MN
Chevrolet,Malibu,7295,160509,8,Less Room,White,MN
Chevrolet,Impala,12000,73139,5,More Room,Silver,IA
Toyota,Camry,2495,182665,19,More Room,Gray,MN
Honda,Civic,19150,27564,3,Less Room,Blue,MN
Chevrolet,Impala,8999,67547,7,More Room,Black,IA
Chevrolet,Impala,23695,19059,1,More Room,Blue,MN
Chevrolet,Malibu,4595,118086,13,Less Room,Black,MN
Toyota,Camry,6990,134052,12,More Room,,MN
Honda,Civic,7650,76830,7,Less Room,Bronze,MN
Chevrolet,Impala,6988,104418,12,More Room,Blue,MN
Chevrolet,Malibu,9280,79571,7,Less Room,White,MN
Chevrolet,Malibu,13250,28862,5,Less Room,Blue,MN
Chevrolet,Impala,11395,42774,5,More Room,Maroon,IA
Chevrolet,Impala,12999,38208,4,More Room,Gray,WI
Chevrolet,Impala,5995,113659,12,More Room,Silver,MN
Toyota,Camry,18000,43969,4,More Room,Black,MN
Toyota,Camry,6599,147210,10,More Room,Blue,IA
Chevrolet,Impala,3495,172000,12,More Room,Silver,MN
Honda,Civic,6498,80659,11,Less Room,Blue,MN
Honda,Civic,3300,205000,13,Less Room,Blue,MN
Honda,Accord,2995,135000,19,More Room,Black,MN
Chevrolet,Impala,7495,173762,6,More Room,Black,IA
Honda,Accord,13990,73940,6,More Room,Silver,MN
Chevrolet,Malibu,15500,25368,2,Less Room,Silver,IA
Toyota,Corolla,5300,122000,10,Less Room,Silver,MN
Chevrolet,Impala,16498,132303,4,More Room,Black,IA
Honda,Accord,5995,113476,15,More Room,Red,MN
Chevrolet,Malibu,14283,51725,4,Less Room,Gold,MN
Chevrolet,Impala,6000,121423,11,More Room,Red,IA
Chevrolet,Impala,6999,94770,7,More Room,Blue,MN
Toyota,Corolla,15900,17100,3,Less Room,Silver,MN
Chevrolet,Impala,4495,159714,14,More Room,Burgundy,MN
Chevrolet,Malibu,3000,162730,16,Less Room,Beige,MN
Toyota,Corolla,15990,5000,2,Less Room,Blue,MN
Toyota,Camry,12595,68778,6,More Room,White,MN
Chevrolet,Impala,14785,38509,3,More Room,Silver,MN
Chevrolet,Impala,4990,147938,12,More Room,White,MN
Chevrolet,Malibu,8995,83208,7,Less Room,Silver,IA
Toyota,Camry,6059,168055,10,More Room,White,IA
Chevrolet,Impala,2999,179000,11,More Room,Blue,MN
Toyota,Corolla,12995,68615,5,Less Room,Black,MN
Chevrolet,Malibu,18977,10406,2,Less Room,Burgundy,WI
Honda,Civic,2280,209516,13,Less Room,Silver,MN
Chevrolet,Impala,11900,37600,4,More Room,White,MN
Honda,Accord,5495,183123,16,More Room,Black,MN
Chevrolet,Impala,12498,40546,6,More Room,Gray,IA
Chevrolet,Impala,15500,65568,3,More Room,Silver,IA
Chevrolet,Malibu,7988,139650,9,Less Room,Blue,MN
Chevrolet,Impala,8995,111204,8,More Room,Silver,IA
Chevrolet,Impala,5495,99000,12,More Room,Bronze,MN
Honda,Civic,20199,27077,3,Less Room,Blue,MN
Honda,Civic,10500,101461,4,Less Room,Brown,IA
Honda,Accord,1995,160000,20,More Room,Red,MN
Chevrolet,Impala,3000,218000,11,More Room,White,WI
Chevrolet,Malibu,1800,216346,14,Less Room,Green,MN
Honda,Civic,13390,38170,4,Less Room,Black,IA
Chevrolet,Impala,7800,114449,8,More Room,Silver,MN
Toyota,Camry,15950,35000,4,More Room,Black,MN
Chevrolet,Impala,26500,11400,3,More Room,Silver,IA
Chevrolet,Impala,23900,21512,2,More Room,Black,IA
Honda,Accord,7999,81988,7,More Room,Black,MN
Chevrolet,Impala,2995,208001,19,More Room,Blue,MN
Toyota,Camry,15297,72300,5,More Room,Black,IA
Chevrolet,Impala,2750,131000,6,More Room,White,IA
Chevrolet,Impala,7988,99953,9,More Room,Black,MN
Chevrolet,Malibu,15399,30672,4,Less Room,Black,MN
Chevrolet,Malibu,16500,19300,3,Less Room,Silver,IA
Honda,Civic,13789,35525,4,Less Room,Gray,MN
Chevrolet,Impala,12988,66267,4,More Room,Gray,WI
Toyota,Camry,16211,54184,4,More Room,Black,IA
Toyota,Camry,9900,51493,8,More Room,Silver,MN
Chevrolet,Malibu,18995,23949,3,Less Room,Silver,MN
Chevrolet,Malibu,3300,161499,11,Less Room,Blue,MN
Honda,Accord,4499,176991,15,More Room,Blue,MN
Chevrolet,Malibu,8495,131682,8,Less Room,Gray,IA
Toyota,Camry,10000,83442,13,More Room,Pearl,IA
Chevrolet,Impala,2795,189000,12,More Room,White,MN
Toyota,Camry,4900,116673,14,More Room,Black,MN
Honda,Accord,1299,210356,22,More Room,Green,MN
Chevrolet,Malibu,12630,114136,3,Less Room,Gold,MN
Honda,Accord,19595,15385,2,More Room,Black,MN
Chevrolet,Impala,4495,175633,10,More Room,Gold,IA
Toyota,Camry,16984,23765,2,More Room,Gray,WI
Toyota,Camry,12499,76679,7,More Room,Red,MN
Chevrolet,Impala,14200,59131,7,More Room,Red,MN
Chevrolet,Malibu,9800,46214,7,Less Room,Silver,IA
Honda,Accord,19555,36275,4,More Room,Bronze,IA
Honda,Accord,7500,162500,9,More Room,Black,MN
Chevrolet,Impala,6900,142461,6,More Room,Gray,IA
Chevrolet,Malibu,14999,28025,4,Less Room,Bronze,WI
Chevrolet,Malibu,11000,74598,6,Less Room,Gray,WI
Chevrolet,Impala,7999,56011,8,More Room,White,WI
Chevrolet,Impala,4988,172351,12,More Room,Silver,WI
Toyota,Corolla,8900,94750,9,Less Room,White,MN
Toyota,Corolla,13990,47329,3,Less Room,White,IA
Chevrolet,Malibu,1500,220196,20,Less Room,Black,MN
Chevrolet,Malibu,10995,114029,3,Less Room,White,IA
Chevrolet,Impala,5995,96754,10,More Room,Silver,MN
Chevrolet,Impala,6352,110440,9,More Room,Red,IA
Chevrolet,Malibu,20015,39613,3,Less Room,White,MN
Chevrolet,Malibu,11000,80325,4,Less Room,Gray,WI
Toyota,Corolla,3788,148466,13,Less Room,Black,IA
Chevrolet,Impala,18989,33035,2,More Room,Black,MN
Toyota,Camry,15799,31890,4,More Room,Silver,MN
Chevrolet,Impala,24495,16801,2,More Room,Black,IA
Chevrolet,Malibu,2995,230111,14,Less Room,Green,IA
Chevrolet,Malibu,1750,189452,16,Less Room,Gold,IA
Honda,Accord,3950,142000,13,More Room,Blue,IA
Chevrolet,Malibu,6995,126414,10,Less Room,Gold,MN
Toyota,Camry,18000,39546,4,More Room,Silver,MN
Chevrolet,Malibu,6500,127000,7,Less Room,,MN
Honda,Accord,10990,108838,6,More Room,Gray,MN
Chevrolet,Impala,24795,14574,1,More Room,Silver,IA
Chevrolet,Malibu,14999,47692,4,Less Room,Black,IA
Toyota,Camry,19999,46631,4,More Room,Red,IA
Chevrolet,Malibu,2695,180499,18,Less Room,Blue,IA
Honda,Accord,15999,76828,3,More Room,Black,MN
Chevrolet,Malibu,8495,72520,10,Less Room,Black,WI
Toyota,Corolla,13900,43345,4,Less Room,Silver,MN
Chevrolet,Impala,23428,25154,2,More Room,,IA
Chevrolet,Impala,11990,45000,5,More Room,Silver,MN
Chevrolet,Impala,21998,10972,1,More Room,Black,MN
Honda,Accord,18999,27597,4,More Room,Black,MN
Chevrolet,Malibu,3490,214528,10,Less Room,White,WI
Chevrolet,Impala,7995,121525,7,More Room,Champagne,MN
Honda,Accord,18808,45121,3,More Room,Silver,MN
Chevrolet,Malibu,7995,89000,7,Less Room,Silver,MN
Chevrolet,Impala,1995,171200,14,More Room,Silver,MN
Chevrolet,Malibu,7995,90000,8,Less Room,Bronze,MN
Toyota,Camry,16495,117544,4,More Room,Silver,MN
Honda,Civic,9999,68000,9,Less Room,Gray,MN
Chevrolet,Impala,6750,52307,7,More Room,White,IA
Chevrolet,Impala,2999,171000,10,More Room,Gray,MN
Toyota,Camry,15000,50715,4,More Room,Black,IA
Chevrolet,Malibu,14997,39016,4,Less Room,Red,MN
Chevrolet,Malibu,2500,123454,17,Less Room,Green,IA
Chevrolet,Malibu,1500,302000,11,Less Room,Blue,IA
Honda,Accord,1500,185650,17,More Room,Black,MN
Chevrolet,Impala,8995,73137,6,More Room,Gray,MN
Chevrolet,Malibu,15000,43003,2,Less Room,White,MN
Chevrolet,Impala,23250,27128,3,More Room,Black,IA
Toyota,Corolla,5499,121001,14,Less Room,Silver,MN
Chevrolet,Impala,19995,28829,3,More Room,White,IA
Chevrolet,Malibu,10700,52845,7,Less Room,Blue,MN
Toyota,Corolla,15000,40457,4,Less Room,White,WI
Chevrolet,Impala,22488,31493,4,More Room,Gray,WI
Chevrolet,Malibu,13497,43894,5,Less Room,Silver,MN
Chevrolet,Impala,3000,208120,12,More Room,Silver,MN
Chevrolet,Impala,4913,75399,18,More Room,,MN
Chevrolet,Malibu,7990,82000,11,Less Room,Blue,MN
Honda,Civic,6999,90150,10,Less Room,Blue,MN
Toyota,Corolla,13993,20783,4,Less Room,White,WI
Chevrolet,Impala,7498,83120,10,More Room,Blue,IA
Chevrolet,Malibu,12191,24387,7,Less Room,Silver,MN
Chevrolet,Impala,3999,146679,11,More Room,Gray,MN
Chevrolet,Malibu,15399,33265,4,Less Room,White,WI
Chevrolet,Impala,4735,188000,12,More Room,Black,IA
Chevrolet,Malibu,17490,25500,3,Less Room,Silver,IA
Toyota,Camry,13995,48317,3,More Room,Gray,MN
Chevrolet,Impala,12999,75662,2,More Room,White,MN
Chevrolet,Impala,24477,30640,4,More Room,Red,IA
Honda,Accord,16799,27898,4,More Room,Blue,MN
Chevrolet,Impala,9400,67150,6,More Room,Black,MN
Honda,Civic,4997,206440,11,Less Room,Bronze,IA
Toyota,Corolla,12999,43823,4,Less Room,Black,MN
Toyota,Camry,3595,177888,16,More Room,Tan,MN
Toyota,Camry,2310,194399,20,More Room,Silver,IA
Chevrolet,Malibu,12999,53040,6,Less Room,Blue,IA
Chevrolet,Impala,17950,79309,5,More Room,Black,IA
Chevrolet,Impala,4995,153742,13,More Room,,MN
Chevrolet,Malibu,15995,38000,3,Less Room,Blue,MN
Chevrolet,Impala,7350,89000,7,More Room,Silver,MN
Toyota,Camry,19199,25117,4,More Room,Silver,MN
Chevrolet,Impala,4495,155000,15,More Room,Silver,MN
Chevrolet,Malibu,8795,70179,11,Less Room,Blue,MN
Chevrolet,Impala,6000,167652,12,More Room,Blue,MN
Chevrolet,Malibu,18695,15812,2,Less Room,Maroon,MN
Chevrolet,Malibu,15900,42700,3,Less Room,Gray,MN
Chevrolet,Impala,9995,73000,6,More Room,Black,MN
Chevrolet,Impala,5300,123000,10,More Room,Gray,MN
Toyota,Corolla,14399,12418,3,Less Room,Gray,WI
Honda,Civic,4450,149239,14,Less Room,Silver,MN
Chevrolet,Impala,4000,178432,11,More Room,White,MN
Chevrolet,Impala,4850,117000,12,More Room,Red,IA
Chevrolet,Malibu,14999,40767,2,Less Room,Black,MN
Chevrolet,Malibu,1247,198008,16,Less Room,,IA
Chevrolet,Impala,8995,112011,5,More Room,Silver,MN
Honda,Accord,5995,120245,14,More Room,Green,MN
Chevrolet,Impala,6995,101744,13,More Room,Black,IA
Toyota,Corolla,9450,31000,7,Less Room,Blue,MN
Honda,Accord,21199,17661,3,More Room,,MN
Chevrolet,Impala,7995,126648,7,More Room,Red,MN
Chevrolet,Impala,6995,95000,7,More Room,Blue,MN
Chevrolet,Malibu,3995,203832,15,Less Room,Silver,MN
Chevrolet,Malibu,14129,44409,4,Less Room,Black,MN
Chevrolet,Malibu,7812,86301,8,Less Room,Silver,MN
Toyota,Corolla,13499,39502,2,Less Room,White,MN
Toyota,Corolla,12000,22508,8,Less Room,Blue,MN
Chevrolet,Impala,24999,4095,4,More Room,Silver,IA
Toyota,Camry,17000,29229,4,More Room,Pearl,MN
Honda,Accord,18699,33229,4,More Room,Silver,MN
Chevrolet,Impala,10000,66557,7,More Room,Silver,MN
Honda,Civic,10999,87203,9,Less Room,,MN
Honda,Civic,14599,73022,6,Less Room,Black,IA
Honda,Accord,2499,187000,19,More Room,Silver,MN
Chevrolet,Impala,4995,128938,13,More Room,Black,IA
Chevrolet,Impala,2000,225000,13,More Room,Silver,MN
Toyota,Camry,14699,43029,6,More Room,Gray,MN
Toyota,Camry,4896,91055,19,More Room,Silver,IA
Toyota,Corolla,13599,38687,4,Less Room,,MN
Chevrolet,Impala,8750,107403,7,More Room,Silver,IA
Chevrolet,Impala,5900,131115,10,More Room,Black,MN
Chevrolet,Impala,4500,158000,11,More Room,Blue,MN
Toyota,Camry,17999,22533,4,More Room,Blue,IA
Chevrolet,Impala,3950,105000,14,More Room,Maroon,MN
Toyota,Corolla,13399,33300,4,Less Room,Red,MN
Honda,Civic,8995,92412,7,Less Room,Black,IA
Toyota,Camry,16550,43754,2,More Room,Gray,MN
Chevrolet,Impala,7695,93000,8,More Room,Gray,MN
Chevrolet,Malibu,16500,36000,2,Less Room,Black,IA
Honda,Civic,13167,32679,6,Less Room,Gray,IA
Honda,Accord,17795,33900,3,More Room,Black,MN
Toyota,Camry,1850,193725,19,More Room,Beige,IA
Chevrolet,Malibu,1799,111842,19,Less Room,Beige,WI
Chevrolet,Impala,9992,106425,7,More Room,White,WI
Toyota,Camry,4995,217123,14,More Room,Gray,MN
Chevrolet,Malibu,13900,14950,5,Less Room,Silver,MN
Chevrolet,Impala,6995,113885,9,More Room,Silver,IA
Chevrolet,Malibu,8490,95721,8,Less Room,Silver,IA
Chevrolet,Impala,6500,143780,15,More Room,Black,WI
Honda,Accord,24999,18265,3,More Room,Red,MN
Chevrolet,Malibu,2499,240062,9,Less Room,Silver,MN
Chevrolet,Impala,12350,109639,5,More Room,White,MN
Chevrolet,Malibu,18499,8517,2,Less Room,Red,WI
Toyota,Camry,16941,45958,3,More Room,Silver,IA
Chevrolet,Impala,4995,153000,11,More Room,Silver,IA
Chevrolet,Impala,3995,195000,7,More Room,Silver,MN
Chevrolet,Impala,7195,105744,11,More Room,White,IA
Chevrolet,Impala,3895,131000,14,More Room,Gold,MN
Chevrolet,Impala,23395,30026,2,More Room,Silver,MN
Chevrolet,Malibu,14799,28541,4,Less Room,Silver,WI
Honda,Civic,6850,135071,9,Less Room,Red,IA
Chevrolet,Impala,21648,35837,3,More Room,Silver,IA
Honda,Civic,3695,165000,15,Less Room,White,MN
Honda,Accord,6900,142600,10,More Room,Blue,MN
Chevrolet,Impala,25452,19092,1,More Room,Silver,MN
Chevrolet,Impala,4250,160820,10,More Room,Blue,MN
Honda,Civic,2925,198648,12,Less Room,Black,MN
Toyota,Corolla,12990,83099,4,Less Room,Silver,MN
Toyota,Corolla,5850,153664,15,Less Room,White,IA
Chevrolet,Malibu,15471,22689,2,Less Room,Silver,IA
Honda,Accord,5995,152549,12,More Room,Red,MN
Chevrolet,Impala,23220,18050,1,More Room,Black,MN
Toyota,Camry,10995,101086,5,More Room,Silver,MN
Chevrolet,Malibu,13999,47960,3,Less Room,White,IA
Chevrolet,Malibu,12853,33482,6,Less Room,Silver,MN
Honda,Accord,15795,31543,4,More Room,Black,MN
Honda,Civic,16999,12144,3,Less Room,Gray,MN
Toyota,Camry,17000,27028,3,More Room,Silver,IA
Chevrolet,Impala,6500,170540,6,More Room,White,MN
Honda,Civic,11000,89468,9,Less Room,White,WI
Honda,Accord,12994,71345,5,More Room,Maroon,WI
Toyota,Camry,6999,99000,14,More Room,Black,MN
Toyota,Corolla,9495,80763,7,Less Room,Black,MN